<?xml version="1.0" encoding="UTF-8"?>
<npc name="Alaistar" walkinterval="2000" floorchange="0" script="alaistar.lua">
	<health now="100" max="100"/>
	<look type="133" head="19" body="76" legs="60" feet="1" addons="0"/>
	<voices>
		<voice text="Potions, runes, wands and rods, all here in the great Malunga's house." interval2="90" margin="1" yell="no"/>
	</voices>
	<parameters>
		<parameter key="keywords" value="magic;"/>
		<parameter key="keyword_reply1" value="I'm selling spirit, health and mana potions, runes, wands, rods and spellbooks. If you'd like to see my offers, ask me for a {trade}."/>
		<parameter key="message_greet" value="Hi there and welcome to my little {magic} shop."/>
		<parameter key="message_farewell" value="Yeah, bye."/>
		<parameter key="message_walkaway" value="However."/>
		<parameter key="message_sendtrade" value="Of course, just browse through my wares. Or do you want to look only at {potions}, {wands} or {runes}?"/>
		<parameter key="module_shop" value="1"/>
		<parameter key="shop_buyable" value="
			great health potion, 7591, 225;
			great mana potion, 7590, 144;
			great spirit potion, 8472, 228;
			health potion, 7618, 50;
			mana potion, 7620, 56;
			strong health potion, 7588, 115;
			strong mana potion, 7589, 93;
			supreme health potion, 26031, 625;
			ultimate mana potion, 26029, 379;
			ultimate health potion, 8473, 438;
			ultimate spirit potion, 26030, 438;"/>
		<parameter key="shop_sellable" value="
			cowbell, 23575, 210;
			empty potion flask, 7634, 5;
			empty potion flask, 7635, 5;
			empty potion flask, 7636, 5;
			execowtioner mask, 23572, 240;
			giant pacifier, 23570, 170;
			glob of glooth, 23553, 125;
			glooth injection tube, 23474, 350;
			metal jaw, 23564, 260;
			metal toe, 23569, 430;
			mooh'tah shell, 23573, 110;
			moohtant horn, 23571, 140;
			necromantic rust, 23567, 390;
			poisoned fang, 23566, 130;
			seacrest hair, 24170, 260;
			seacrest pearl, 24116, 400;
			seacrest scale, 24169, 150;
			slime heart, 23565, 160;
			slimy leaf tentacle, 23568, 320;
			vial, 2006, 5;"/>
	</parameters>
</npc>
