<?xml version="1.0" encoding="utf-8"?>
<npc name="Edoch" walkinterval="2000" floorchange="0" script="edoch.lua">
	<health now="100" max="100"/>
	<look type="146" head="95" body="0" legs="40" feet="116" addons="0"/>
	<voices>
		<voice text="Have you run out of ammunition? Come to my store." interval2="120" margin="1" yell="no"/>
	</voices>
	<parameters>
		<parameter key="message_greet" value="Welcome, |PLAYERNAME|! I trade with distance weapons and ammunition. If you are interested, just ask me for a trade."/>
		<parameter key="message_farewell" value="See you later!"/>
		<parameter key="module_shop" value="1"/>
		<parameter key="shop_buyable" value="
			arrow, 2544, 3;
			blue quiver, 40683, 400;
			bolt, 2543, 4;
			bow, 2456, 400;
			crossbow, 2455, 500;
			crystalline arrow, 18304, 20;
			diamond arrow, 40736, 100;
			drill bolt, 18436, 12;
			earth arrow, 7850, 5;
			envenomed arrow, 18437, 12;
			flaming arrow, 7840, 5;
			flash arrow, 7838, 5;
			onyx arrow, 7365, 7;
			piercing bolt, 7363, 5;
			power bolt, 2547, 7;
			prismatic bolt, 18435, 20;
			quiver, 40397, 400;
			red quiver, 40684, 400;
			royal spear, 7378, 15;
			shiver arrow, 7839, 5;
			sniper arrow, 7364, 5;
			spear, 2389, 9;
			spectral bolt, 40737, 70;
			tarsal arrow, 15648, 6;
			throwing star, 2399, 42;
			vortex bolt, 15649, 6;"/>
		<parameter key="shop_sellable" value="
			bow, 2456, 100;
			crossbow, 2455, 120;
			spear, 2389, 3;"/>
	</parameters>
</npc>
