<?xml version="1.0" encoding="UTF-8"?>
<npc name="Evan" walkinterval="2000" floorchange="0" script="evan.lua">
	<health now="100" max="100"/>
	<look type="132" head="115" body="107" legs="63" feet="114" addons="0"/>
	<parameters>
		<parameter key="message_greet" value="Hello there. What are you doing in the distillery?"/>
		<parameter key="message_farewell" value="Good bye."/>
		<parameter key="message_walkaway" value="Good bye."/>
		<parameter key="message_sendtrade" value="A fire bug? Those are needed for sugar cane harvesting. Help yourself."/>
		<parameter key="module_shop" value="1"/>
		<parameter key="shop_buyable" value="fire bug, 5468, 100;"/>
	</parameters>
</npc>
