<?xml version="1.0" encoding="UTF-8"?>
<npc name="Gnomincia" walkinterval="2000" floorchange="0" script="gnomincia.lua">
	<health now="100" max="100"/>
	<look type="507" head="79" body="94" legs="94" feet="52" addons="0"/>
	<parameters>
		<parameter key="message_greet" value="A gnomish day to you my friend! What can I do for you?"/>
		<parameter key="message_farewell" value="Good bye."/>
		<parameter key="module_shop" value="1"/>
		<parameter key="shop_buyable" value="teleport crystal, 18457, 150;"/>	
	</parameters>
</npc>
