<?xml version="1.0" encoding="UTF-8"?>
<npc name="Julius" walkinterval="2000" floorchange="0" script="julius.lua">
	<health now="100" max="100"/>
	<look type="289" head="114" body="114" legs="114" feet="113" addons="3"/>
	<parameters>
		<parameter key="module_shop" value="1"/>
		<parameter key="message_greet" value="Ohh Welcome |PLAYERNAME|!"/>
		<parameter key="message_farewell" value="Take care, |PLAYERNAME|."/>
		<parameter key="message_walkaway" value="Take care, |PLAYERNAME|."/>
		<parameter key="message_sendtrade" value="Got some Vampire's teeth for me?"/>
		<parameter key="shop_sellable" value="
			blood preservation, 12405, 320;
			vampire teeth, 10602, 275;"/>
	</parameters>
</npc>
