<?xml version="1.0" encoding="UTF-8"?>
<npc name="Lyonel" walkinterval="2000" script="lyonel.lua">
	<health now="100" max="100"/>
	<look type="151" head="57" body="58" legs="21" feet="114" addons="0"/>
	<voices>
		<voice text="Relax in my tavern after an exhausting hunt!" interval2="100" margin="1" yell="no"/>
	</voices>
	<parameters>
		<parameter key="module_keywords" value="1"/>
		<parameter key="keywords" value="food;rum;"/>
		<parameter key="keyword_reply1" value="I can offer you bread, cheese, ham, or meat. If you'd like to see my offers, ask me for a {trade}."/>
		<parameter key="keyword_reply2" value="There is nothing like rum."/>
		<parameter key="message_greet" value="Welcome, my friend. Make yourself comfortable and have some {food} and {rum}."/>
		<parameter key="message_farewell" value="Good bye and come again."/>
		<parameter key="message_walkaway" value="Someone must have been in a hurry."/>
		<parameter key="message_sendtrade" value="Of course, just take a look what you'd like to order."/>
		<parameter key="module_shop" value="1"/>
		<parameter key="shop_buyable" value="
			bread, 2689, 4;
			cheese, 2696, 6;
			ham, 2671, 8;
			meat, 2666, 5;
			flask of rum, 5553, 150, 27;"/>
	</parameters>
</npc>
