<?xml version="1.0" encoding="UTF-8"?>
<npc name="Rafzan" walkinterval="2000" floorchange="0" script="rafzan.lua">
	<health now="100" max="100"/>
	<look type="540"/>
	<parameters>
		<parameter key="module_shop" value="1"/>
		<parameter key="message_greet" value="Hello, hello. Me peaceful, poor and honest goblin. Are you lookin' for {trade}?"/>
		<parameter key="message_farewell" value="Bye, little adventurer."/>
		<parameter key="message_sendtrade" value="Ah, you too clever for me to make any meagre profit. Just please, please don't rob poor stupid goblin too much, you master of shrewd trading."/>
		<parameter key="shop_buyable" value="
			advertisement sign, 19948, 75;
			backpack, 1988, 10;
			bag, 1987, 4;
			bottle with rat urine, 19951, 150;
			fishing rod, 2580, 150;
			guardcatcher, 19949, 200;
			perfume gatherer, 19950, 400;
			rope, 2120, 50;
			scroll, 1949, 5;
			scythe, 2550, 12;
			shovel, 2554, 10;
			torch, 2050, 2;
			trunkhammer, 19956, 150;
			worm, 3976, 1;"/>
		<parameter key="shop_sellable" value="
			fishing rod, 2580, 30;
			leather harness, 20126, 750;
			life preserver, 20093, 300;
			ratana, 20092, 500;
			rope, 2120, 8;
			shovel, 2554, 2;
			spike shield, 20090, 250;
			spiky club, 20139, 300;"/>
	</parameters>
</npc>
