<?xml version="1.0" encoding="UTF-8"?>
<npc name="Red Lilly" walkinterval="2000" floorchange="0" script="red_lilly.lua">
	<health now="100" max="100"/>
	<look type="136" head="96" body="57" legs="28" feet="47" addons="0"/>
	<voices>
		<voice text="Come visit my little pawnshop! General equipment and such. Don't miss it!" interval2="120" margin="1" yell="no"/>
	</voices>
	<parameters>
		<parameter key="module_keywords" value="1"/>
		<parameter key="keywords" value="equipment;"/>
		<parameter key="keyword_reply1" value="I have shovels, picks, scythes, bags, ropes, backpacks, plates, scrolls, watches, some lightsources, and other stuff. Just ask me for a {trade}."/>
		<parameter key="message_greet" value="Hello sweetie. If you need general {equipment}, stuff like that, let me know."/>
		<parameter key="message_farewell" value="Good bye sweetie."/>
		<parameter key="message_walkaway" value="Good bye sweetie."/>
		<parameter key="message_sendtrade" value="Of course, just browse through my wares. Remember that if you buy vials of oil, there's a deposit of 5 gold on the empty one."/>
		<parameter key="module_shop" value="1"/>
		<parameter key="shop_buyable" value="
			basket, 1989, 6;
			beach backpack, 5949, 20;
			beach bag, 5950, 5;
			bottle, 2007, 3, 0;
			bucket, 2005, 4, 0;
			candelabrum, 2042, 8;
			candlestick, 2047, 2;
			closed trap, 2578, 280;
			crowbar, 2416, 260;
			cup, 2013, 2, 0;
			document, 1952, 12;
			fishing rod, 2580, 40;
			hand auger, 36169, 25;
			machete, 2420, 6;
			net, 36324, 50;
			parchment, 1951, 8;
			pick, 2553, 50;
			plate, 2035, 6;
			present, 1990, 10;
			rope, 2120, 50;
			scroll, 1949, 5;
			scythe, 2550, 50;
			shovel, 2554, 10;
			torch, 2050, 2;
			vial of oil, 2006, 20, 11;
			watch, 2036, 20;
			waterskin of water, 2031, 40, 1;
			worm, 3976, 1;"/>
		<parameter key="shop_sellable" value="
			closed trap, 2578, 75;
			crowbar, 2416, 50;
			fishing rod, 2580, 40;
			machete, 2420, 6;
			pick, 2553, 15;
			rope, 2120, 15;
			scythe, 2550, 10;
			shovel, 2554, 8;
			watch, 2036, 6;
			wooden hammer, 2556, 15;
			vial, 2006, 5;"/>
	</parameters>
</npc>
