<?xml version="1.0" encoding="UTF-8"?>
<npc name="Rock In A Hard Place" walkinterval="0" floorchange="0" script="rock_in_a_hard_place.lua">
	<health now="100" max="100"/>
	<look typeex="14898"/>
	<parameters>
		<parameter key="module_shop" value="1"/>
		<parameter key="message_greet" value="Everyone on this island has gone crazy! Except for me and you, it seems. Let's {trade} like normal people would."/>
		<parameter key="message_farewell" value="Promise to come back sometime, will ya?"/>
		<parameter key="message_walkaway" value="Hey! Don't leave me alone with all these lunatics!"/>
		<parameter key="shop_buyable" value="
			animate dead rune, 2316, 375;
			arrow, 2544, 3;
			avalanche rune, 2274, 57;
			axe, 2386, 20;
			backpack, 1988, 20;
			basket, 1989, 6;
			battle axe, 2378, 235;
			battle hammer, 2417, 350;
			blank rune, 2260, 10;
			blue quiver, 40683, 400;
			bolt, 2543, 4;
			bone sword, 2450, 75;
			bottle, 2007, 3, 0;
			bow, 2456, 400;
			brass armor, 2465, 450;
			brass helmet, 2460, 120;
			brass legs, 2478, 195;
			brass shield, 2511, 65;
			bucket, 2005, 4, 0;
			candelabrum, 2041, 8;
			candlestick, 2047, 2;
			carlin sword, 2395, 473;
			chain armor, 2464, 200;
			chain helmet, 2458, 52;
			chain legs, 2648, 80;
			chameleon rune, 2291, 210;
			closed trap, 2578, 280;
			club, 2382, 5;
			coat, 2651, 8;
			convince creature rune, 2290, 80;
			crossbow, 2455, 500;
			crowbar, 2416, 260;
			crowbar, 2416, 260;
			crystalline arrow, 18304, 20;
			cure poison rune, 2266, 65;
			dagger, 2379, 5;
			desintegrate rune, 2310, 26;            
			destroy field rune, 2261, 15;
			diamond arrow, 40736, 100;
			doublet, 2485, 16;
			drill bolt, 18436, 12;
			dwarven shield, 2525, 500;
			earth arrow, 7850, 5;
			energy bomb rune, 2262, 203;
			energy field rune, 2277, 38;
			energy wall rune, 2279, 85;
			envenomed arrow, 18437, 12;
			explosion rune, 2313, 31;
			fire bomb rune, 2305, 147;
			fire field rune, 2301, 28;
			fire wall rune, 2303, 61;
			fireball rune, 2302, 30;
			fishing rod, 2580, 150;
			flaming arrow, 7840, 5;
			flash arrow, 7838, 5;
			great fireball rune, 2304, 57;
			great health potion, 7591, 225;
			great mana potion, 7590, 144;
			great spirit potion, 8472, 228;
			hand auger, 36169, 25;
			hand axe, 2380, 8;
			health potion, 7618, 50;
			heavy magic missile rune, 2311, 12;
			holy missile rune, 2295, 16;
			icicle rune, 2271, 30;
			intense healing rune, 2265, 95;
			iron helmet, 2459, 390;
			jacket, 2650, 12;
			label, 2599, 1;
			leather armor, 2467, 35;
			leather boots, 2643, 10;
			leather helmet, 2461, 12;
			leather legs, 2649, 10;
			letter, 2597, 8;
			light magic missile rune, 2287, 4;
			longsword, 2397, 160;
			mace, 2398, 90;
			machete, 2420, 35;
			magic wall rune, 2293, 116;
			mana potion, 7620, 56;
			morning star, 2394, 430;
			net, 36324, 50;
			onyx arrow, 7365, 7;
			paralyze rune, 2278, 700;
			parcel, 2595, 15;
			pick, 2553, 50;
			piercing bolt, 7363, 5;
			plate armor, 2463, 1200;
			plate shield, 2510, 125;
			poison bomb rune, 2286, 85;
			poison field rune, 2285, 21;
			poison wall rune, 2289, 52;
			power bolt, 2547, 7;
			present, 1990, 10;
			prismatic bolt, 18435, 20;
			quiver, 40397, 400;
			rapier, 2384, 15; 
			red quiver, 40684, 400;
			rope, 2120, 50;
			royal spear, 7378, 15;
			sabre, 2385, 35;
			scale armor, 2483, 260;
			scythe, 2550, 50;
			shiver arrow, 7839, 5;
			short sword, 2406, 26;
			shovel, 2554, 50;
			sickle, 2405, 7;
			sniper arrow, 7364, 5;
			soldier helmet, 2481, 110;
			soulfire rune, 2308, 46;
			spear, 2389, 9;
			spectral bolt, 40737, 70;
			spike sword, 2383, 8000;
			stalagmite rune, 2292, 12;
			steel helmet, 2457, 580;
			steel shield, 2509, 240;
			stone shower rune, 2288, 37;
			strong health potion, 7588, 115;
			strong mana potion, 7589, 93;
			studded armor, 2484, 90;
			studded helmet, 2482, 63;
			studded legs, 2468, 50;
			studded shield, 2526, 50;
			sudden death rune, 2268, 135;
			supreme health potion, 26031, 625;
			sword, 2376, 85;
			tarsal arrow, 15648, 6;
			throwing knife, 2410, 25;
			throwing star, 2399, 42;
			thunderstorm rune, 2315, 47;
			torch, 2050, 2;
			two handed sword, 2377, 950;
			ultimate healing rune, 2273, 175;
			ultimate health potion, 8473, 379;
			ultimate mana potion, 26029, 438;
			ultimate spirit potion, 26030, 438;
			viking helmet, 2473, 265;
			viking shield, 2531, 260;
			vortex bolt, 15649, 6;
			war hammer, 2391, 10000;
			watch, 2036, 20;
			wild growth rune, 2269, 160;
			wooden shield, 2512, 15;
			worm, 3976, 1;"/>
		<parameter key="shop_sellable" value="
			axe, 2386, 7;
			battle axe, 2378, 80;
			battle hammer, 2417, 120;
			battle shield, 2513, 95;
			bone club, 2449, 5;
			bone sword, 2450, 20;
			bow, 2456, 100;
			brass armor, 2465, 150;
			brass helmet, 2460, 30;
			brass legs, 2478, 49;
			brass shield, 2511, 25;
			calopteryx cape, 15489, 15000;
			carapace shield, 15491, 32000;
			carlin sword, 2395, 118;
			chain armor, 2464, 70;
			chain helmet, 2458, 17;
			chain legs, 2648, 25;
			closed trap, 2578, 75;
			club, 2382, 1;
			coat, 2651, 1;
			compound eye, 15486, 150;
			copper shield, 2530, 50;
			crawler head plating, 15482, 210;
			crossbow, 2455, 120;
			crowbar, 2416, 50;
			dagger, 2379, 2;
			deepling axe, 15404, 40000;
			deepling breaktime snack, 15424, 90;
			deepling claw, 15455, 430;
			deepling guard belt buckle, 15423, 230;
			deepling ridge, 15452, 360;
			deepling scales, 15430, 80;
			deepling squelcher, 15647, 7000;
			deepling staff, 15400, 4000;
			deepling warts, 15425, 180;
			deeptags,15426, 290;
			depth calcei, 15410, 25000;
			depth galea, 15408, 35000;
			depth lorica, 15407, 30000;
			depth ocrea, 15409, 16000;
			depth scutum, 15411, 36000;
			double axe, 2387, 260;
			doublet, 2485, 3;
			dung ball,15622, 130;
			dwarven shield, 2525, 100;
			empty potion flask, 7634, 5;
			empty potion flask, 7635, 5;
			empty potion flask, 7636, 5;
			eye of a deepling, 13870, 150;
			fire sword, 2392, 1000;
			fishing rod, 2580, 40;
			grasshopper legs, 15490, 15000;
			guardian axe, 15454, 9000;
			halberd, 2381, 400;
			hand axe, 2380, 4;
			hatchet, 2388, 25;
			hive bow, 15643, 28000;
			hive scythe, 15492, 17000;
			iron helmet, 2459, 150;
			jacket, 2650, 1;
			katana, 2412, 35;
			key to the drowned library, 15422, 330;
			kollos shell, 15480, 420;
			leather armor, 2467, 12;
			leather boots, 2643, 2;
			leather helmet, 2461, 4;
			leather legs, 2649, 9;
			legion helmet, 2480, 22;
			longsword, 2397, 51;
			mace, 2398, 30;
			machete, 2420, 6;
			morning star, 2394, 100;
			necklace of the deep, 15403, 3000;
			orcish axe, 2428, 350;
			ornate chestplate, 15406, 60000;
			ornate crossbow, 15644, 12000;
			ornate legs, 15412, 40000;
			ornate mace, 15414, 42000;
			ornate shield, 15413, 42000;
			pick, 2553, 15;
			plate armor, 2463, 400;
			plate legs, 2647, 115;
			plate shield, 2510, 45;
			rapier, 2384, 5;
			rope, 2120, 15;
			sabre, 2385, 12;
			scale armor, 2483, 75;
			scythe, 2550, 10;
			short sword, 2406, 10;
			shovel, 2554, 8;
			sickle, 2405, 3;
			small axe, 2559, 5;
			soldier helmet, 2481, 16;
			spear, 2389, 3;
			spellsinger's seal, 15421, 280;
			spidris mandible, 15485, 450;
			spike sword, 2383, 240;
			spitter nose, 15481, 340;
			steel helmet, 2457, 293;
			steel shield, 2509, 80;
			studded armor, 2484, 25;
			studded club, 2448, 10;
			studded helmet, 2482, 20;
			studded legs, 2468, 15;
			studded shield, 2526, 16;
			swampling club, 20104, 40;
			swarmer antenna, 15479, 130;
			sword, 2376, 25;
			throwing knife, 2410, 2;
			two handed sword, 2377, 450;
			vial, 2006, 5;
			viking helmet, 2473, 66;
			viking shield, 2531, 85;
			war hammer, 2391, 470;
			warrior's axe, 15451, 11000;
			warrior's shield, 15453, 9000;
			waspoid claw, 15483, 320;
			waspoid wing, 15484, 190;
			watch, 2036, 6;
			wooden hammer, 2556, 15;
			wooden shield, 2512, 5;"/>
	</parameters>
</npc>
