<?xml version="1.0" encoding="UTF-8"?>
<npc name="Stan" walkinterval="2000" floorchange="0" script="stan.lua">
	<health now="100" max="100"/>
	<look type="12" head="94" body="128" legs="81" feet="128" addons="0"/>
	<parameters>
		<parameter key="message_greet" value="... Greeeeeetiiiingssss..."/>
		<parameter key="message_farewell" value="... Good... Bye"/>
		<parameter key="message_walkaway" value="... Good... Bye"/>
		<parameter key="module_shop" value="1"/>
		<parameter key="shop_buyable" value="
			costume bag, 7737, 500;
			costume bag, 7739, 1500;
			costume bag, 9076, 1000;
			party hat, 6578, 600;
			party trumpet, 6572, 80;"/>
	</parameters>
</npc>
