<?xml version="1.0" encoding="UTF-8"?>
<npc name="Tokel" walkinterval="2000" floorchange="0" script="tokel.lua">
	<health now="100" max="100"/>
	<look type="128" head="78" body="96" legs="30" feet="114" addons="0"/>
	<parameters>
		<parameter key="message_greet" value="Hi there, |PLAYERNAME|."/>
		<parameter key="message_farewell" value="Bye."/>
		<parameter key="message_walkaway" value="Bye."/>
		<parameter key="message_sendtrade" value="Of course, take a look at my tasty offers."/>
		<parameter key="module_shop" value="1"/>
		<parameter key="shop_buyable" value="
			bread, 2689, 3;
			cheese, 2696, 5;
			ham, 2671, 8;
			meat, 2666, 5;"/>
	</parameters>
</npc>
