<?xml version="1.0" encoding="UTF-8"?>
<npc name="Urkalio" walkinterval="2000" floorchange="0" script="urkalio.lua">
	<health now="100" max="100"/>
	<look type="128" head="97" body="59" legs="120" feet="114" addons="0"/>
	<voices>
		<voice text="Enjoy a good drink in the Hard Rock Tavern!." interval2="100" margin="1" yell="no"/>
	</voices>
	<parameters>
		<parameter key="message_greet" value="Welcome to the pits of the Hard Rock Tavern, Trunkillo. Want a {drink} or some {food}?"/>
		<parameter key="message_farewell" value="Have a good fight, |PLAYERNAME|."/>
		<parameter key="message_walkaway" value="Have a good fight, |PLAYERNAME|."/>
		<parameter key="message_sendtrade" value="Have any food or drinks you like."/>
		<parameter key="module_shop" value="1"/>
		<parameter key="shop_buyable" value="
			bread, 2689, 4;
			cheese, 2696, 6;
			cookie, 2687, 5;
			ham, 2671, 8;
			meat, 2666, 5;
			mug of beer, 2012, 2, 3;
			mug of lemonade, 2012, 2, 5;
			mug of water, 2012, 1, 1;
			mug of wine, 2012, 3, 15;"/>
	</parameters>
</npc>
