<?xml version="1.0" encoding="UTF-8"?>
<npc name="Zaidal" walkinterval="2000" floorchange="0" script="zaidal.lua">
	<health now="100" max="100"/>
	<look type="128" head="76" body="44" legs="77" feet="95" addons="0"/>
	<voices>
		<voice text="Handmade furniture only available in the jungle. Don't miss it!" interval2="100" margin="1" yell="no"/>
	</voices>
	<parameters>
		<parameter key="module_keywords" value="1"/>
		<parameter key="keywords" value="furniture;"/>
		<parameter key="keyword_reply1" value="If you'd like to see my offers in furniture, ask me for a {trade}."/>
		<parameter key="message_greet" value="Hello Trunkillo and welcome to my {furniture} store."/>
		<parameter key="message_farewell" value="Good bye |PLAYERNAME|."/>
		<parameter key="message_walkaway" value="Good bye |PLAYERNAME|."/>
		<parameter key="module_shop" value="1"/>
		<parameter key="shop_buyable" value="
			bamboo drawer kit, 3921, 20;
			bamboo table kit, 3914, 25;
			ivory chair kit, 3907, 25;
			stone table kit, 3912, 30;
			trunk chair kit, 3935, 20;
			trunk table kit, 3936, 20;
			tusk chair kit, 3906, 25;
			tusk table kit, 3913, 25;"/>
		<parameter key="shop_sellable" value="tusk, 3956, 100;"/>
	</parameters>
</npc>
